,Course Title,Correlation,p_value,N_students
0,Computer Programming I,0.8716703114554463,2.663521577134661e-07,21
0,Digital System Design,0.8566241329427098,1.7837926722774747e-12,40
0,Academic Writing,0.8465682183268982,2.817620730274224e-10,34
0,"Engr Pract, Graphics and Des",0.8314510623006164,4.241618295121397e-08,28
0,Calculus I,0.8254528855180187,0.00027716119119205074,14
0,College Algebra,0.808562735652816,1.8460067905770732e-11,45
0,General Physics I,0.7912434753817069,0.002172962925267476,12
0,General Physics II,0.6954758576353239,0.017490666797832222,11
0,Prep for Professional Life,0.6726445544824461,0.006001760952944729,15
0,Technical Communications,0.6261121855004417,0.0294007038173963,12
0,Transitioning to Univer Life,0.6115001065700982,7.070506466736282e-07,55
0,Precalculus,0.49443278192895124,0.019329611820707963,22
